NOMBRE,UBICACION,COORDENADAS,BARRIO,TEMATICA,TELEFONO,EMAIL,WEB,VIDEO
1690 Tierra Adentro,Pasaje Russel 5017,"-34.58759,-58.428778",Palermo,Anticuaria,1690 Tierra Adentro,florentino.ariza@1690ta.com/ isabel.debohemia@1690ta.com,www.1690ta.com,
Aars libreros,Larrea 938,"-34.597191,-58.401906",Recoleta,De viejo,4961-8054,aarslibreros@hotmail.com,,
Mundo Hispano,Av. Rivadavia 3474,"-34.610858,-58.415465",Almagro,Religión,4863-6745,info@editorialmh.com.ar,www.editorialmh.org,
Librerías ABC ,Lope de Vega 3128,"-34.613892,-58.525315",Villa General Mitre,General,4567-6700,,,
Abeledo Perrot,Lavalle 1280,"-34.60273,-58.384904",San Nicolás,"Ciencias económicas, jurídicas y empresariales",5235-5430,jose.pascual@abeledoperrot.com,www.abeledoperrot.com,
Voces del Sur,Azcuénaga 720,"-34.600821,-58.401003",Agronomía,Lenguas extranjeras,5218-7801/2,libreria@vocesdelsur.com,www.vocesdelsur.com,
ACME Agency,Suipacha 245 1º,"-34.60551,-58.379347",San Nicolás,Lenguas extranjeras,4328-1662,acme@redynet.com.ar,,
Ad-Hoc Editorial,Viamonte 1450,"-34.600626,-58.387398",San Nicolás,"Ciencias económicas, jurídicas y empresariales",4371-0778 / 4372-0401,info@adhoc-villela.com, www.editorialadhoc.com,
Ágape libros,José Cubas 3469,"-34.59317,-58.507673",Villa General Mitre,De viejo,4580-2860,sanmartin@agape-libros.com.ar / agape@agape-libros.com.ar,www.agape-libros.com.ar,
Librería Agropecuaria de Editorial Hemisferio Sur S.A.,Pasteur 743,"-34.600467,-58.399849",Balvanera,Ciencias naturales,4952-9825,informe@hemisferiosur.com.ar,www.hemisferiosur.com.ar,
Librería Aguilar,Blanco Encalada 2376,"-34.559109,-58.458841",Belgrano,De viejo,4782-1996,info@libreriaaguilar.com.ar,www.libreriaaguilar.com.ar,
Alberto Casares,Suipacha 521,"-34.602197,-58.379551",San Nicolás,Anticuaria,4322-6198,casareslibros@fibertel.com.ar,www.acasares.servisur.com,
Acción,Moreno 457,"-34.611345,-58.372783",Monserrat,General,Acción,libreriaaccion@uole.com / jlservan@neunet.com.ar,,
ACME Agency,Arenales 885,"-34.594096,-58.379771",Retiro,Lenguas extranjeras,4393 8830,acmeagency@hotmail.com,,
ACME Agency,Camacuá 87,"-34.628691,-58.458301",Flores,Lenguas extranjeras,4631-1745,,,
Editorial Akadia,Paraguay 2078,"-34.59862,-58.396997",Recoleta,Medicina,4961-8614,editorialakadia@gmail.com,www.editorialakadia.com.ar,
El Aleph Libros,Av. Corrientes 4790,"-34.602045,-58.432041",Almagro,General,4857-1248,alephfrias@gmail.com,www.elalephlibros.com.ar,
Ágape libros,Esmeralda 755,"-34.599429,-58.378242",San Nicolás,Religión,4328-4606,esmeralda@agape-libros.com.ar / agape@agape-libros.com.ar,www.agape-libros.com.ar,
Librería Agumalu,Tte. Gral. Perón 2187,"-34.607203,-58.397698",Balvanera,General,4953-5889,agu-ma-lu_kiosco@hotmail.com,,
Alberto Peremianky,Av. Córdoba 2586,"-34.598563,-58.403528",Balvanera,Anticuaria,4962-0240,martabul@satlink.com,,
El Aleph Libros,Av. Rivadavia 3972,"-34.611906,-58.42199",Almagro,"De viejo, Humanidades",4981-0288,alephrivadavia@gmaill.com ,www.elalephlibros.com.ar,
Aletheia Libros,"Florida 835, Loc. 13","-34.598282,-58.375367",Retiro,Humanidades,4313-3481,aletheialibros@hotmail.com,,
Librería Editorial Alsina,Paraná 137,"-34.607272,-58.387751",San Nicolás,Técnicos,4373-2942,info@lealsina.com,www.lealsina.com,
Librería del Alumno,Bartolomé Mitre 2101,"-34.608276,-58.3964",Balvanera,Textos escolares,4953-0717                     ,delalumno@ciudad.com.ar,,
Antami Libros,Pichincha 45,"-34.610199,-58.399105",Balvanera,De viejo,4952-6341,,,
Librería de Antaño,Sanchez de Bustamante 1876,"-34.589546,-58.408305",Palermo,Anticuaria,4822-7178,info@antano.com.ar,,
Antígona del CCC,Av. Corrientes 1543,"-34.604127,-58.388528",San Nicolás,Humanidades,5077-8013,antigonacccfgorini@edicionesdelsol.com.ar,www.antigonalibros.com.ar,
Antígona Liberarte,Av. Corrientes 1555,"-34.604143,-58.38871",San Nicolás,Humanidades,4372-8342,antigonaliberarte@edicionesdelsol.com.ar,www.antigonalibros.com.ar,DqLpetHH5AM
Apuntes Libros / Librería Córdoba,Paraná 1013,"-34.596936,-58.38827",San Nicolás,"Humanidades, Religión",4813-4124,apuntes@libreriacordoba.com,www.libreriacordoba.com,
Aquilanti,Rincón 79,"-34.610369,-58.396266",Balvanera,Anticuaria,4952-4546,aquilanti@speedy.com.ar,,
Arcadia Libros,Marcelo T. de Alvear 1548,"-34.597168,-58.388982",Recoleta,Humanidades,5258-8801,arcadialibros@fibertel.com.ar,,
Alien Libros,Av. Corrientes 1833,"-34.604451,-58.392754",Balvanera,General,,,,
El Almacén Libros,"Talcahuano 231,  2º 17 (Concertar cita previa) ","-34.605988,-58.385004",San Nicolás,De viejo,155-889-3935,info@elalmacenlibros.com,www.elalmacenlibros.com,
Librería Anticuaria Edgardo Henschel,"Reconquista 533, 1º","-34.602835,-58.372464",Retiro,Anticuaria,Librería Anticuaria,henschel@navigo.com.ar,,
Antígona Libros,Av. Callao 737,"-34.600374,-58.392804",San Nicolás,Educación,4812-7364,antigonacallao@edicionesdelsol.com.ar,www.antigonalibros.com.ar,
Antígona libros,Av. Las Heras 2597,"-34.585013,-58.399886",Recoleta,General,4802-8414,antigonabiblioteca@edicionesdelsol.com.ar,www.antigonalibros.com.ar,
Meridiana ,v. Rivadavia 5108 loc 307 Shopping caballito,"-34.618908,-58.437825",Caballito,Comics,5861-8666,meridiana.comics@gmail.com ,http://meridiana-comics.blogspot.com/,
Antigua   ,Bartolomé Mitre 1592,"-34.607695,-58.387775",San Nicolás,Anticuaria,4371 7154, libantigua@tutopia.com ,www.newproject.com.ar/librería-antigua  ,
Aplicación Tributaria,Viamonte 1550,"-34.600698,-58.388833",San Nicolás,"Ciencias económicas, jurídicas y empresariales",4374-5418,ventas@aplicacion.com.ar,www.aplicacion.com.ar,
Aquilea,Av. Corrientes 2008,"-34.604518,-58.395392",Balvanera,De saldos,4951-0831,aquilea.libreria@gmail.com,www.aquilealibrosyrevistas.jimdo.com  ,
Distal,Scalabrini Ortiz 2518,"-34.585023,-58.415786",Palermo,Narrativa y poesía,4115-5812,marcosherrera@elastillerolibros.com.ar,www.elastillerolibros.com.ar,
Astrea,Lavalle 1208,"-34.602647,-58.383872",San Nicolás,"Ciencias económicas, jurídicas y empresariales, Humanidades",4382-1880,libreria@astrea.com.ar,www.astrea.com.ar,
Asunto Impreso,Pje. Rivarola 153,"-34.606915,-58.385413",Balvanera,"Artes visuales, diseño y aquitectura",4383-6262,ldi@asuntoimpreso.com,www.asuntoimpreso.com,
Beca,Moises Lebensohn 906,"-34.652975,-58.416431",Nueva Pompeya,Educación,4919-1256,beca@ciudad.com.ar ,,
Beker Libros,Lavalle 2040,"-34.603279,-58.395994",Balvanera,"De viejo, Humanidades",4952 0563,librosbeker@yahoo.com.ar,,
Bernie,Montevideo 295,"-34.605497,-58.389348",San Nicolás,De viejo,5811-4432,,,
Biblioterapia Libros,Av. San Martín 2392,"-34.603754,-58.461354",Paternal,General,4581-4717,biblioterapialibros@yahoo.com.ar ,,
Yenny ,Vedia 3626 Local N L0316 Dot Baires Shopping,"-34.546077,-58.489606",Saavedra,General,5777-9816,,www.tematika.com / www.yenny-elateneo.com.ar,
Incunable SRL,Av. de Mayo 637,"-34.608624,-58.375475",Monserrat,De viejo,4331-4898,compro-libros@hotmail.com, www.compro-libros.com,
Libros del Pasaje ,Thames 1762,"-34.586965,-58.429486",Palermo,General,4833-6637,info@librosdelpasaje.com.ar,http://www.librosdelpasaje.com.ar,8aSV9FUg0eU
Brujas,Rodriguez Peña 429,"-34.604,-58.390812",San Nicolás,De viejo,4373-7866,libreria_brujas@hotmail.com ,,
Buenos Aires,Av. Rivadavia 1623,"-34.609086,-58.389498",San Nicolás,General,4371-0482,,,
Buenos Aires Books,Salta 742,"-34.617023,-58.383013",Monserrat,General,4382-9565,salta@buenosairesbooks.com.ar,www.buenosairesbooks.com.ar,
Los Cachorros,Av. Diaz Velez 5011,"-34.608775,-58.437435",Caballito,De saldos,4981-3700 ,loscachorros@hotmail.com,www.cachorros.servisur.com,
Cadaqués,Av. Scalabrini Ortiz 181,"-34.600761,-58.440159",Villa del Parque,General,4855-1893,cadaques18@yahoo.com.ar,,
Caleidoscopio Libros,Echeverría 3268,"-34.567982,-58.464311",Belgrano,"General, Artes visuales, diseño y aquitectura, Gastronomía, Infantiles, Narrativa y poesía",4552-2144,caleidoscopiolibros@gmail.com,www.caleidoscopiolibros.com,
Capítulo Dos,"San Martín 768, Loc. 128 Galerías Pacífico","-34.599012,-58.374187",Retiro,General,5555-5128,galeriaspacifico@capitulo2.com,www.capitulodos.com,
Casa Mario,Av. Juan B. Alberdi 6694,"-34.657281,-58.509563",Mataderos,Textos escolares,4687-3320,casamario@cscom.com.ar,,
Casassa y Lorenzo Libreros,Cuenca 3285,"-34.599732,-58.496478",Villa Devoto,General,4501-6483,ventascasassa@fibertel.com.ar,www.cassasaylorenzo.com,
Casassa y Lorenzo Libreros,Pedro Morán 3254/58,"-34.595769,-58.501118",Villa General Mitre,General,45041971 ,ventascasassa@fibertel.com.ar,www.casassaylorenzo.com - www.facebook.com/CASASSAYLORENZO,
La Cátedra,Av. Corrientes 1620,"-34.60427,-58.38966",San Nicolás,De saldos,4374-6688,,,
Cathedra Jurídica ,Lavalle 1292,"-34.602743,-58.385076",San Nicolás,"Ciencias económicas, jurídicas y empresariales",4382-4780 / 0295,info@cathedrajuridica.com.ar / cathedrajuridica@yahoo.com.ar ,www.cathedrajuridica.com.ar,
Arlequín,Juncal 3404,"-34.58465,-58.411769",Palermo,General,4831-2553,,,
Arunco,Combate de los Pozos 131,"-34.610787,-58.393367",Balvanera,General,,,,
El Ave Fénix,Av. Pueyrredón 1753,"-34.590829,-58.400639",Recoleta,General,4825-3627,librosdelmes@csel.com,www.csel.com/librosdelmes,
Buenos Aires Books,Uriburu 637,"-34.6202,-58.410125",Balvanera,General,4954-2840,viamonte@buenosairesbooks.com.ar,www.buenosairesbooks.com.ar,
Caligari,Bogotá 101,"-34.612979,-58.43281",Caballito,De viejo,4981-6953,lalismos@yahoo.com.ar,www.libreriacaligari.com.ar ,
Deva´s,Corrientes 1752,"-34.604449,-58.391577",Monserrat,Autoayuda y esoterismo,5237-0916/7 ,tncorrientes@devas.com, http://devas.com/,
Librería Certeza,Bernardo de Irigoyen 654,"-34.61587,-58.380316",San Nicolás,Religión,4334-8278,capital@libreriascerteza.com,www.certezaonline.com,
Gourmand Place,Rodriguez Peña 1182 - 1ro D,"-34.595593,-58.391862",Recoleta,Gastronomía,4813-5210,info@gourmandplace.com,www.gourmandplace.com,
Editorial Claretiana,Aráoz 2968,"-34.58267,-58.41063",Palermo,Religión,4806-8266,palermo@editorialclaretiana.com.ar,www.editorialclaretiana.com.ar,
Editorial Claretiana,Lima 1360,"-34.624119,-58.38141",Constitución,Religión,4305-9597,libreria@editorialclaretiana.com.ar,www.editorialclaretiana.com.ar,
Editorial Claretiana,Rodríguez Peña 898,"-34.598666,-58.391685",San Nicolás,Religión,4812-3411,centro@editorialclaretiana.com.ar,www.editorialclaretiana.com.ar,
Clásica y moderna,Av. Callao 892,"-34.598773,-58.393049",Recoleta,Narrativa y poesía,4811-3670,clasica@clasicaymoderna.com,www.clasicaymoderna.com,
Club Burton,Estados Unidos 700,"-34.618584,-58.375827",San Telmo,De viejo,4300-5561,clubburton@hotmail.com,,hK_Qy4s1maM
Club del Comic,Marcelo T. de Alvear 2002,"-34.597317,-58.396133",Recoleta,Comics,4966-1748 ,local@clubdelcomic.com.ar,www.clubdelcomic.com.ar,
Club del Comic,Montevideo 255,"-34.605973,-58.389323",San Nicolás,Comics,4375-2323,Clubdelcomicmontevideo@hotmail.com,www.clubdelcomic.com.ar,
Concentra,intendente guiraldes 3620,"-34.546213,-58.438481",Nuñez,"Artes visuales, diseño y aquitectura",4788-9568,libreria@concentra.com.ar,www.concentra.com.ar,
Concentra. Esquina del Arquitecto,Montevideo 938,"-34.597997,-58.389778",Recoleta,"Artes visuales, diseño y aquitectura",4814-2479,libreria@concentra.com.ar,www.concentra.com.ar,Uwz6rGmbaYM
Conrado Libros,Av. San Martín 4521,"-34.597743,-58.483236",Villa Devoto,Ciencias naturales,4504-5520,conradolibros@hotmail.com ,,
Contexto,Quintino Bocayuva 22,"-34.612843,-58.42352",Almagro,General,4982-6391,contexto@mas.net.ar,,
Deva´s,Honduras 4739,"-34.590456,-58.427465",Palermo,Autoayuda y esoterismo,4831-2469,tnhonduras@devas.com,   http://www.devas.com,
Librería técnica CP67 ,"FADU Ciudad Universitaria, pabellón 3 PB","-34.608417,-58.373161",Nuñez,"Artes visuales, diseño y aquitectura",,cp67@cp67.com,www.cp67.com,
Librería técnica CP67,"Florida 683, Loc. 18","-34.600064,-58.375377",San Nicolás,"Artes visuales, diseño y aquitectura",4314-6303,info@cp67.com,www.cp67.com,
Libros Crismar,Av. Álvarez Jonte 4849,"-34.620079,-58.50644",Villa Devoto,Autoayuda y esoterismo,4639-6659,,,
La Crujía libros,Tucumán 1999,"-34.602148,-58.395537",Balvanera,Comunicación,4375-0664,libreria@lacrujiaediciones.com.ar,www.lacrujialibros.com.ar,
Asunto Impreso San Telmo,Perú 1064,"-34.620364,-58.374232",San Telmo,"Artes visuales, diseño y aquitectura",4361-8210,santelmo@asuntoimpreso.com,www.asuntoimpreso.com,831JE-AEYTI
El Ateneo Grand Splendid,Av. Santa Fe 1860,"-34.595842,-58.394124",Recoleta,General,4813-6052,,www.tematika.com / www.yenny-elateneo.com.ar,
El Ateneo,Av. Cabildo 2093,"-34.56209,-58.456617",Belgrano,General,5786-9840,juramento@elateneo.com,www.tematika.com / www.yenny-elateneo.com.ar,
El Ateneo,Florida 340,"-34.604069,-58.375181",San Nicolás,General,4325-6801/6,,www.tematika.com / www.yenny-elateneo.com.ar,
El Ateneo,Florida 629,"-34.600709,-58.375353",San Nicolás,General,4312-4230/ 4313-3336,,www.tematika.com / www.yenny-elateneo.com.ar,
Athenas,Juan Jose Biedma 911,"-34.614243,-58.455142",Caballito,"Ciencias económicas, jurídicas y empresariales",4431-0592,,,
La librería de Ávila,Alsina 500,"-34.636214,-58.551511",Monserrat,Anticuaria,4331-8989,avila@servisur.com,www.libreriadeavila.servisur.com,DmznmFzZiTI
Casassa y Lorenzo Libreros Shop.,"Pedro Varela 4866, Loc. 326","-34.61125,-58.518008",Villa General Mitre,General,4019-6326,ventascasassa@fibertel.com.ar,,
Editorial Cosmopolita,Piedras 744,"-34.616793,-58.377387",San Telmo,Técnicos,4361-8925,cosmopolita09@yahoo.com.ar,www.ed-cosmopolita.com.ar,
Babilonia,Guardia Vieja 3660,"-34.60157,-58.415926",Almagro,General,,,,
Libros Balvanera,Azcuénaga 86,"-34.608669,-58.40056",Balvanera,De viejo,,,,
El Banquete,Av. Cabildo 1107,"-34.568823,-58.447084",Belgrano,De viejo,4788-0158,libreriaelbanquete@hotmail.com,,
El Banquete Libros,La Pampa 2508,"-34.565545,-58.455349",Belgrano,De viejo,4789-0070,libreriaelbanquete@hotmail.com,,
La Barca Libros,Scalabrini Ortiz 3048,"-34.581422,-58.410779",Palermo,General,4803-0695,labarcalibros@gmail.com,,
En el camino libros ,Borges 1664,"-34.588278,-58.429523",Palermo,"General, Artes visuales, diseño y aquitectura",4834-6792,enelcaminolibros@yahoo.com.ar ,http://www.facebook.com/home.php?#!/profile.php?id=100000315844640&v=info,
Librería Biblos,Puán 378,"-34.627219,-58.44712",Caballito,Humanidades,4432-8828,biblos@fibertel.com.ar / ana.biblos@fibertel.com.ar ,www.libreriabiblos.com,
Bolsa del Libro,Rodríguez Peña 667,"-34.601138,-58.391383",San Nicolás,Educación,4374-4862,,,
Bonum,Av. Corrientes 6687,"-34.587919,-58.452409",Chacarita,Religión,4554-1414,,www.editorialbonum.com.ar,
Book Center,Junín 84,"-34.608496,-58.396388",Balvanera,Textos escolares,4953-0353,libreriabookcenter@hotmail.com,,
Ciencia y Técnica Libros,No atiende al público directo. Sólo por teléfono o mail. ,"-34.623989,-58.37849",San Telmo,General,4300-4253,libros@ciencia-tecnica.com.ar,,
Científica Interamericana,M. T. de Alvear 2147,"-34.585322,-58.39051",Recoleta,Medicina,,,,
Librería Cinco Esquinas,Libertad 1293,"-34.592938,-58.384433",Retiro,General,4811-9452,libreria5e@gmail.com ,,
Cine Sí,Pasaje Giuffra 311,"-34.617805,-58.37037",San Telmo,"Artes visuales, diseño y aquitectura",4300-9164,info@cinesi.com.ar,www.cinesi.com.ar,IyhG1RorK28
La Cita Libros,Charcas 3315,"-34.591574,-58.41244",Palermo,Narrativa y poesía,4823-6477,lacitalibros@hotmail.com,,
Club Dumas Libros,Av. Corrientes 1676,"-34.604357,-58.390469",San Nicolás,"De saldos, De viejo, Humanidades",5238-2226,clubdumaslibros@yahoo.com.ar,www.clubdumaslibros.com.ar,
Cobra Libros,Aranguren 150,"-34.610546,-58.432952",Caballito,Narrativa y poesía,Cobra Libros,cobralibreriayartes@gmail.com,www.cobralibros.com.ar / http://www.facebook.com/pages/Buenos-Aires-Argentina/COBRA-libros/25494025,
Conas Libros,Bartolomé Mitre 2095,"-34.608271,-58.396314",San Nicolás,Autoayuda y esoterismo,4953-7640,conas.libros@hotmail.com,,
Crack UP,Costa Rica 4767,"-34.587613,-58.42783",Palermo,Narrativa y poesía,4831-3502,libros@crackup.com.ar,www.crackup.com.ar,
Crime Libros,Lavalle 985,"-34.602529,-58.380809",San Nicolás,General,4326-4178,info@crimelibros.com.ar,,
Librería Editorial Cristiana,Maipú 466 Loc. 30,"-34.60269,-58.37671",San Nicolás,Religión,4322-7943,lec@funcrisev.com,www.funcrisev.com,
Cueva libros,Sarmiento 1566,"-34.605425,-58.388851",San Nicolás,Anticuaria,4382-5176,info@cuevalibros.com.ar,www.cuevalibros.com.ar,K1V3l8md-os
La Cueva Libros,Av. de Mayo 1127,"-34.609094,-58.382341",Monserrat,"Anticuaria, De viejo",,libroslacueva@gmail.com,www.libroslacueva.com.ar,
Cultura libros,Av. Las Heras 3000,"-34.583462,-58.404002",Palermo,General,4802-9897,libros@culturalibros.com.ar,www.culturalibros.com.ar,
Cúspide libros,Av. Cabildo 1965,"-34.563292,-58.455582",Belgrano,General,4780-4464,libros@cuspide.com,www.cuspide.com,
Cúspide libros,Av. Corrientes 1243,"-34.603839,-58.384316",San Nicolás,General,4382-1865,libros@cuspide.com,www.cuspide.com,
Cúspide libros,Av. Corrientes 1316,"-34.603948,-58.385347",San Nicolás,General,4372-6266,libros@cuspide.com,www.cuspide.com,
Cúspide libros,Av. Santa Fe 1818,"-34.595855,-58.393545",Recoleta,General,4815-4606,libros@cuspide.com,www.cuspide.com,
Cúspide libros,Av. Santa Fe 2077,"-34.595579,-58.39707",Recoleta,General,4823-3251,libros@cuspide.com,www.cuspide.com,
Cúspide libros,Florida 628,"-34.600733,-58.375367",San Nicolás,General,4328-0575,libros@cuspide.com,www.cuspide.com,
Deshoras Librería,Av. Córdoba 1541,"-34.599372,-58.38878",Recoleta,General,4813-1902,,,Qn0IhLDBktw
Deva´ s,Av. Corrientes 1752,"-34.604449,-58.391577",San Nicolás,Autoayuda y esoterismo,5237-0916 / 7,tncorrientes@devas.com,www.devas.com,
Librería Dickens,Av. Corrientes 1375,"-34.603974,-58.386208",San Nicolás,De saldos,4375-1702,libreriadickens@speedy.com.ar,,wS04q5D9AnA
Didon,Junín 82,"-34.60852,-58.396386",Balvanera,Textos escolares,4951-8902,kirkerlibros@hotmail.com,,
Diógenes I,Corrientes 1851,"-34.604446,-58.393005",Monserrat,De saldos,4371-5228,libreriaslibertador@uolsinectis.com.ar,,
Diógenes II,Av. Corrientes 1851,"-34.604446,-58.393005",Balvanera,De saldos,4371-5228,libreriaslibertador@uolsinectis.com.ar,,
Distal libros,Av. Scalabrini Ortiz 2518,"-34.585023,-58.415786",Palermo,General,4115-5817,scalabrini@distalnet.com,www.distalnet.com,
Cúspide libros,"Av. Corrientes 3247,  Loc. 1022","-34.604036,-58.410992",Almagro,General,4959-3521,libros@cuspide.com,www.cuspide.com,
Cúspide libros,Av. Rivadavia 5045 Village Cines,"-34.618546,-58.437043",Caballito,General,4901-6043,libros@cuspide.com / village.caballito@cuspide.com ,www.cuspide.com,
Cúspide libros,"San Martín 768, Loc. 227 A Galerías Pacífico","-34.599012,-58.374187",San Nicolás,General,5555-5280,libros@cuspide.com,www.cuspide.com,
Cúspide libros,Suipacha 764,"-34.599408,-58.379719",San Nicolás,General,4322-8868,libros@cuspide.com,www.cuspide.com,
Cúspide libros,Vicente López 2050,"-34.588923,-58.393563",Recoleta,General,4807-5716,libros@cuspide.com,www.cuspide.com,
D´ Artagnan,Ayacucho 455,"-34.603811,-58.39533",Balvanera,De viejo,4954-3895,,,
De los cuatro vientos ,venezuela 726,"-34.613946,-58.376458",San Telmo,General,4331 - 4542,ventas@gargolaediciones.com.ar/info@gargolaediciones.com,www.deloscuatrovientos.com.ar ,
El Debate,Av. Pueyrredón 731,"-34.601548,-58.404703",Balvanera,De viejo,4961-3025,eldebate50@hotmail.com,,
Del sol libros,Superí 1411/3,"-34.57419,-58.459902",Belgrano,General,4552-0250,delsollibros@hotmail.com,,
Libroshop,Av. De mayo 637,"-34.603705,-58.381594",San Nicolás,De saldos,4342-2513,libros@compro-libros.com,www.compro-libros.com,
Libros en Red,Av. Santa  Fe 1480 9º C,"-34.595784,-58.388136",Recoleta,General,4815-5912,comercial@librosenred.com,http://www.librosenred.com/,
R & R Libros,Av. Elcano 3258,"-34.573826,-58.459684",Belgrano,General,4555-4547,clientes@rrlibros.com,www.librosdelfos.com.ar,
Depalma,Talcahuano 494,"-34.60282,-58.385221",San Nicolás,"Ciencias económicas, jurídicas y empresariales",4371-7306,,,
Distal libros,Av. Rivadavia 6879,"-34.628747,-58.4624",Flores,General,4612-7044,rivadavia6879@distalnet.com,www.distalnet.com,
Lectotum.com - Libreria Infantil Online,Rodriguez Pena 100,"-34.607928,-58.390704",San Cristobal,Infantiles,15-4915-0173,info@lectotum.com,www.lectotum.com,
Distal libros,Lavalle 775,"-34.602348,-58.377746",San Nicolás,General,5252-1903,lavalle775@distalnet.com,www.distalnet.com,
Distal libros,Medrano 25,"-34.611099,-58.421057",Almagro,General,4981-5905,medrano25@distalnet.com,www.distalnet.com,
Edilyr,Tucumán 1685,"-34.601888,-58.390998",San Nicolás,Educación,4371-0512,,,
Edipo libros,Av. Corrientes 1686,"-34.604373,-58.390614",San Nicolás,General,4372-6693,edipolibros@yahoo.com.ar,www.edipolibros.com.ar,rjiPQkkWIuU
Edipo libros,Av. Santa Fe 2691,"-34.593405,-58.40497",Recoleta,General,4824-5111,info@edipolibros.com,www.edipolibros.com.ar,
Edipo libros,Lavalle 1582,"-34.602984,-58.389174",San Nicolás,General,4371-6891,edipolabase@fibertel.com.ar ,www.edipolibros.com.ar,
Educa,Alicia Moreau de Justo 1500,"-34.61558,-58.365979",Puerto Madero,Educación,4338-0753,,www.uca.edu.ar,
Educalibros ,Charcas 4623,"-34.581842,-58.42561",Palermo,Educación,4771-0578,educa@educalibros.com.ar,www.educaclibros.com.ar,
Eiffel livres,Corrientes (Sin local a la calle),"-34.608417,-58.373161",San Nicolás,Lenguas extranjeras,4953-9352,info@eiffel-livres.com,www.eiffel-livres.com,
El Jagüel,"Florida 835, Loc. 31","-34.598282,-58.375367",Retiro,Humanidades,4940-2949,sedem@ciudad.com.ar,,
El Túnel de Buenos Aires,Av. de Mayo 767,"-34.608743,-58.377337",Monserrat,De viejo,4331-2106,el_lenut@hotmail.com,,
Entelequia Comic Bookstore,Uruguay 341,"-34.604755,-58.386518",San Nicolás,"Artes visuales, diseño y aquitectura",4371-2007,info@entelequia.com.ar,www.entelequia.com.ar,
Entre libros,"Av. Cabildo 2280, Loc. 80 y 81","-34.560354,-58.458132",Belgrano,"De viejo, Humanidades",4785-9884,enlibros@fibertel.com.ar,www.entrelibros.com.ar,
El Escondite libros,"Güemes 3877,  Loc. 5","-34.608417,-58.373161",Palermo,Anticuaria,,elesconditepablo@hotmail.com,,
Espartaco,Av. San Juan 2189,"-34.623029,-58.396253",San Cristobal,General,,,,
Espartaco,Rodríguez Peña 130,"-34.607561,-58.390733",San Cristobal,General,4941-6960,espartacozani@fibertel.com.ar ,,
Estari libros,Viamonte 2052,"-34.600971,-58.396408",Balvanera,Lenguas extranjeras,4374-0547 / 4374-0014 ,libros@estari.com.ar,www.estarilibros.com.ar,
Librería del Estudiante,Bartolomé Mitre 2100,"-34.608307,-58.396369",Balvanera,Textos escolares,4951-9080,libdelestudiante@gmail.com,,
Librería de la Dante Alighieri,Tucumán 1646,"-34.601867,-58.390321",San Nicolás,Lenguas extranjeras,4371-2480 int. 133,libreria@dante.edu.ar,www.dante.edu.ar,
De la Avenida,Av. De Mayo 924,"-34.608946,-58.379532",Monserrat,Anticuaria,,,,
De la mancha libros,Av. Corrientes 1888,"-34.604474,-58.393535",Balvanera,Humanidades,4372-0189,delamanchalibros@sion.com,,kobikEIRgMU
De las Ciencias ,Paraguay 1363,"-34.598217,-58.386397",Retiro,Técnicos,5030-8315,,,
Eterna Cadencia,honduras 5574,"-34.584361,-58.436048",Palermo,Narrativa y poesía,4774-4100,info@eternacadencia.com.ar,www.eternacadencia.com,
Eudeba,Av. Rivadavia 1571,"-34.609007,-58.388677",Monserrat,Educación,4383-8025,eudeba@eudeba.com.ar,www.eudeba.com.ar,
El Extranjero,Olleros 4128,"-34.586962,-58.453589",Colegiales,"Artes visuales, diseño y aquitectura, Humanidades",4554-8999,aquielextranjero@aol.com,www.librosycine.com,
La Facultad,Av. Independencia 3065,"-34.61989,-58.408737",Balvanera,Psicología,4957-5816,info@librerialafacultad.com,www.librerialafacultad.com.ar,
Librería Fams,Av. Córdoba 2208                        ,"-34.59977,-58.398827",Balvanera,Medicina,4952-4219                               ,libreriafams@yahoo.com.ar,www.libreriafams.com.ar,
El Faro del Fin del Mundo,"Libertad 1240, Loc. 20","-34.593793,-58.384455",Retiro,Anticuaria,4816-2920,consultas@librosyantiguedades.com,www.librosyantiguedades.com,
Fernández Blanco,Tucuman 712,"-34.601143,-58.376889",San Nicolás,Anticuaria,4322 1010,fernandezblancolibros@gmail.com,www.fernandezblanco1939.com.ar ,
Fedro libros,Carlos Calvo 578,"-34.619686,-58.373989",San Telmo,General,4300-7551,info@fedrosantelmo.com.ar,www.fedrosantelmo.com.ar,
Fin de siglo libros,Av. Corrientes 1966,"-34.604513,-58.394787",Balvanera,De viejo,4953-4434,adrianau250@gmail.com,,
Thesauros,Ayacucho 373,"-34.604863,-58.395232",Balvanera,Anticuaria,5252-0479,thesauroslibros@gmail.com,www.thesauroslibros.com.ar,
Flor do Ipe,Esmeralda 965,"-34.596825,-58.378381",Retiro,Lenguas extranjeras,4313-6448/6449/5222,librería@funceb.org.ar,www.funceb.org.ar,
Libros Friedenthal,Tte. Gral. Perón 1597,"-34.60661,-58.389262",San Nicolás,Anticuaria,4375-0030,info@librosfriedenthal.com,www.librosfriedenthal.com,
Librería de la Fundación Proa,Av. Pedro de Mendoza 1929,"-34.639488,-58.361784",La Boca,"Artes visuales, diseño y aquitectura",4104-1005,libreria@proa.org,www.proa.org,
Funny Books,Ciudad de la Paz 2602,"-34.558134,-58.461536",Belgrano,Textos escolares,4786-6887,anibooks@yahoo.com,,
Galeria Buenos Aires,Florida 833,"-34.598306,-58.375367",San Nicolás,Anticuaria,,,,
Librerías Galerna,Av. Cabildo 1852,"-34.564387,-58.454686",Belgrano,General,4788-6201,cabildo@galerna.net,www.galernalibros.com,
Gambito de Alfil,José Bonifacio 1402,"-34.628642,-58.446571",Caballito,Humanidades,4432-1304,gambitolibros@uolsinectis.com.ar,,
El Gato escaldado,Av. Independencia 3548,"-34.620974,-58.415755",San Telmo,General,4932-1956,elgatoescaldado@hotmail.com,www.elgatoescaldado.com.ar ,
Librería Guadalquivir,Montevideo 846,"-34.596882,-58.388275",Recoleta,"Artes visuales, diseño y aquitectura",4815-5797 / 4815-5812,cineyteatro@proeme.com,www.libreriaguadalquivir.com,
Librería Guadalquivir,Rodriguez Peña 744,"-34.600241,-58.391528",Recoleta,Religión,4815-1190,religiones@libreriaguadalquivir.com,www.libreriaguadalquivir.com,
Librería y santería Guadalupe,Mansilla 3865,"-34.588914,-58.417545",Palermo,Religión,4826-8587,librosguada@yahoo.com,,
La Guadalupita,Av. Avellaneda 3918,"-34.629567,-58.483879",Floresta,Religión,4674-2287,laguadalupita@yahoo.com.ar,,
El Gualeguay libros,Pacheco 2251,"-34.574308,-58.483231",Villa Urquiza,General,4524-3680,info@elgualeguaylibros.com.ar ,www.elgualeguaylibros.com.ar,
Guiraud libros,Av. Coronel Díaz 1492,"-34.593149,-58.413636",Palermo,Narrativa y poesía,4822-0419,guiraudlibros@hotmail.com,,
Gustavo Multedo ,Sanchez de Bustamante 515 -6ºE,"-34.603861,-58.414447",Palermo,Medicina,4861-4708/4865-9693,gustavomultedo@fibertel.com.ar,,
El Hablador Libros ,Av. Cabildo 2280 Loc. 7,"-34.560354,-58.458132",Belgrano,De viejo,4783-4804,elhablador@fibertel.com.ar /  libreriaelhablador@gmail.com,www.elhablador.com.ar,
Distal libros,Av. Cabildo 2431,"-34.558943,-58.459333",Belgrano,General,4786-7007,distal2431@distalnet.com,www.distalnet.com,
Distal libros,Av. Corrientes 921,"-34.603576,-58.379774",San Nicolás,De saldos,5274-1392,921@distalnet.com,www.distalnet.com,
Distal libros,Av. Rivadavia 4648,"-34.615912,-58.431078",Caballito,General,4904-0506,rivadavia4648@distalnet.com,www.distalnet.com,
Distal libros,Av. Santa Fe 3142,"-34.58968,-58.409364",Palermo,General,4822-7217,distal3142@distalnet.com,www.distalnet.com,
Distal libros,Florida 249,"-34.605162,-58.375115",San Nicolás,General,5218-4370,distal249@distalnet.com,www.distalnet.com,eK775S6N5cg
Distal libros,Florida 436,"-34.60293,-58.375249",San Nicolás,General,5218-4372,distal436@distalnet.com,www.distalnet.com,
Entre libros,Av. Santa fe 2450 local 7,"-34.594624,-58.401726",Recoleta,De viejo,4824-6035,enlibros@fibertel.com.ar,www.entrelibros.com.ar,
Librería Hammurabi,Talcahuano 440,"-34.603455,-58.385183",San Nicolás,"Ciencias económicas, jurídicas y empresariales",4371-8179,info@libreriahammurabi.com.ar,www.hammurabi.com.ar,
Happy Book,Av. Rivadavia 5462,"-34.621132,-58.442139",Caballito,De saldos,4431-4240,,,
Deva´s ,Juramento 2307,"-34.561502,-58.455734",Belgrano,Autoayuda y esoterismo,4788-2785,tnbelgrano@devas.com,http://www.devas.com,
Hastinapura,José Bonifacio 2374,"-34.632286,-58.460781",Flores,Religión,4613-4398,ventas@hastinapuralibros.com.ar,www.hastinapuralibros.com.ar,
Helena de Buenos Aires,Esmeralda 874,"-34.598001,-58.378369",Retiro,Anticuaria,4311-1491 ,info@helenadebuenosaires.com.ar,www.helenadebuenosaires.com.ar,
Librería Histórica,Azcuénaga 1846,"-34.588249,-58.39562",Recoleta,Anticuaria,4801-0257,info@libreriahistorica.com.ar,www.libreriahistorica.com.ar,
Librería Huemul,Av. Santa Fe 2237,"-34.595285,-58.398974",Recoleta,Textos escolares,4822-1666,libreriahuemul@gmail.com.ar,www.libreriahuemul.com.ar,
Book Company,Blando Encalada 197 local 56 ,"-34.564659,-58.468285",Nuñez,Infantiles,5352-1450,info@bookcompany.com.ar,www.bookcompany.com.ar,
Monk,Av. Corrientes 1671,"-34.604313,-58.390418",San Nicolás,General,4371-2332,compro-libros@hotmail.com,www.compro-libros.com,
El Incunable,Montevideo 1519,"-34.592339,-58.388801",Recoleta,De viejo,4811-4868,elincunable@hotmail.com,,
Instituto de publicaciones navales,Florida 971 Loc. 28,"-34.596388,-58.375421",San Nicolás,Técnicos,4311-0042/43,instituto@ipneditores.com.ar ,www.ipneditores.com.ar,
Librería del Instituto,Rodriguez Peña 1052,"-34.596518,-58.391908",Recoleta,Religión,4811-5906,libreriadelinstituto@infovia.com.ar,,
La Internacional argentina,El Salvador 4199,"-34.592746,-58.422672",Palermo,Narrativa y poesía,,editorialmansalva@yahoo.com.ar,,
La Jabonería,Humberto Primo 805,"-34.620852,-58.377301",San Telmo,De viejo,4361-7949,,,
Proust & Co. Joyce,Tucumán 1545 1º A,"-34.601735,-58.388721",San Nicolás,Lenguas extranjeras,4371-3849,info@joyceproust.com.ar,www.joyceproust.com.ar,
Kirker libros,Bartolomé Mitre 2102,"-34.608308,-58.396397",Balvanera,Textos escolares,4954-3961,kirkerlibros1@hotmail.com,,
L´ Amateur antique bookshop,Esmeralda 882,"-34.597901,-58.378377",Retiro,Anticuaria,4312 7635,lamateur@arnet.com.ar,www.librerialamateur.com.ar,
L.O.L.A Literature of Latin American,Viamonte 976 2º D,"-34.600208,-58.380806",San Nicolás,Ciencias naturales,4322-3920,lola@ar.inter.net,www.lola-online.com,
La Antorcha,Av. Rivadavia 4156,"-34.612972,-58.424331",Almagro,Religión,4958-5375,uevaantorcha@fibertel.com.ar,,
La Ballena,Av. De Mayo 937,"-34.608921,-58.379746",Monserrat,Anticuaria,,,,
Librería Terramar,Av. de Mayo 1111,"-34.60908,-58.382104",San Cristobal,General,4382-3592,libreriaterramar@live.com.ar,terranovaediciones.com.ar,
Ediciones La Rocca,Talcahuano 458,"-34.603124,-58.385164",San Nicolás,"Ciencias económicas, jurídicas y empresariales",4382-8526,edicioneslarocca@speedy.com.ar,www.edicioneslarocca.com ,
La Lectura,Tucumán 1425,"-34.601654,-58.387031",San Nicolás,"Ciencias económicas, jurídicas y empresariales",4374-1779 / 4372-4701,info@lalectura.com.ar,www.lalectura.com.ar,
Lecturas y Melodías,Emilio Mitre 431,"-34.627216,-58.443256",Caballito,De viejo,4433-2823,jorgejuguer@yahoo.com.ar,,
Leer es muy barato,Av. Corrientes 1556,"-34.604181,-58.388705",San Nicolás,General,,,,
El Escriba Libros,Balcarce 1053 local 14 A,"-34.620059,-58.370068",San Telmo,De viejo,4362-8149,info@elescriba.com,www.elescriba.com,
El Milagroso,Cuzco 149,"-34.637968,-58.527841",Liniers,Religión,4642-1178,,,
Distal libros,Cnel. Ramón L. Falcón 7145 - Shopping liniers Loc. 117 ,"-34.640293,-58.526935",Liniers,General,4644-4369,liniers@distal.net,www.distalnet.com,
Enlace Porrua S.A.,"Tucumán 927 , PB","-34.601278,-58.379984",San Nicolás,"Ciencias económicas, jurídicas y empresariales, Narrativa y poesía",4326-1249,enlaceporrua@ediar.com.ar,,
Ensayo ,Lavalle 528,"-34.602158,-58.374282",San Nicolás,General,,info@libreriaensayo.com.ar,,
Entelequia Comic Bookstore,Juramento 2584,"-34.563043,-58.458408",Belgrano,Comics,4788-4521,belgrano@entelequia.com.ar,www.entelequia.com.ar,
Entre Líneas,Cuenca 3375,"-34.598792,-58.497175",Villa Devoto,Narrativa y poesía,4504-2056,,,
Epifanía libros,Lavalle 1910,"-34.603218,-58.394136",Balvanera,De viejo,4953 1088,info@epifanialibros.com.ar,www.epifanialibros.com.ar,
Errepar,Paraná 725,"-34.600324,-58.388095",San Nicolás,"Ciencias económicas, jurídicas y empresariales",4370-2002,clientes@errepar.com,www.errepar.com,
El Foro,Lavalle 1362 PB 6,"-34.60277,-58.38609",San Nicolás,"Ciencias económicas, jurídicas y empresariales",4382-0987,elforo@libreria-elforo.com,www.libreria-elforo.com,
Ríos de Agua Viva,Talcahuano 1211,"-34.594362,-58.385808",Recoleta,General,4811-6806,info@riosdeaguaviva.com.ar,www.riosdeaguaviva.com.ar,
El Gaucho,Boyacá 1538,"-34.611983,-58.467346",Flores,De viejo,4582-2721,info@libreriaelgaucho.com.ar,www.libreriaelgaucho.com.ar,
El Gaucho,Neuquén 765,"-34.615923,-58.442584",Caballito,De viejo, 4432-5164,libreriaelgaucho@hotmail.com, www.libreriaselgaucho.com.ar,
El Glyptodón,Ayacucho 734,"-34.600517,-58.395733",Balvanera,Anticuaria,4374-7973,libreriaelglyptodon@gmail.com,www.libreriaelglyptodon.com.ar ,
Argentinidad , Florida 860 - Local 101,"-34.597989,-58.375381",Monserrat,General,48940169,ediciones@argentinidad.com,www.ediciones.argentinidad.com,
Gout elite gastronómica,Echeverría 2079 3º C (concertar cita previamente) ,"-34.561193,-58.452857",Belgrano,Gastronomía,4781-7940 / 15 3186 3158,info@gastronomia-gout.com.ar,www.gastronomia-gout.com.ar,
Graciela libros/ Book Press,Pirovano 111,"-34.641014,-58.420623",Nueva Pompeya,Técnicos,4922-9645,graciela_libros@speedy.com.ar,,
Librería Guadalquivir,Av. Callao 1012,"-34.597068,-58.393215",Recoleta,"Educación, Humanidades",4816-0221,guadalquivir@proeme.com,www.libreriaguadalquivir.com,DUjNMVIn-gI
Juan Blatón ,Florida 681 Loc. 10,"-34.600088,-58.375376",San Nicolás,Humanidades,,,,
Juan José Ara,Bacacay 2547,"-34.627011,-58.465845",Flores,Medicina,4611-0425,juanara@librosmedicos.com,www.librosmedicos.com,
Librería Juncal,Talcahuano 1288,"-34.593004,-58.386294",Retiro,"Ciencias económicas, jurídicas y empresariales",4812-6062,libreriajuncal@yahoo.com,,ityox-HZmjE
Librería Júpiter,Lavalle 1571,"-34.602946,-58.389027",San Nicolás,"Ciencias económicas, jurídicas y empresariales",4372-3881 / 4375-7380,info@libreriajupiter.com.ar,www.libreriajupiter.com.ar,
Jurídica Pueyrredón,Av. Pueyrredón 2474,"-34.585818,-58.393901",Recoleta,"Ciencias económicas, jurídicas y empresariales",4803-2100,ibrería_juridica@hotmail.com,,
Librería del Jurista,Talcahuano 427,"-34.603594,-58.385135",San Nicolás,"Ciencias económicas, jurídicas y empresariales",4371-7337,libreria@deljurista.com,www.deljurista.com,
Kehot,Cabrera 3102,"-34.596966,-58.410244",Palermo,Religión,4963-7171,info@kehot.com.ar,www.kehot.com.ar,
Kel,Av. La Plata 63,"-34.615813,-58.429093",Caballito,Lenguas extranjeras,4901-5647 / 4903-5306,info@kel-ediciones.com,www.kelediciones.com,
Kel,Conde 1990,"-34.568307,-58.464624",Belgrano,Lenguas extranjeras,4555-4005,info@kel-ediciones.com,www.kelediciones.com,
Kel,Marcelo T. Alvear 1369,"-34.59701,-58.386616",Recoleta,Lenguas extranjeras,4814-3788,info@kel-ediciones.com,www.kelediciones.com,
Legenda,Charcas 3279,"-34.591914,-58.412109",Recoleta,De viejo,4829-1419,libroslegenda@hotmail.com,,
Leonardo Lerner,Av. Las Heras 2961 9º 29,"-34.583454,-58.402012",Palermo,Anticuaria,4802-3210,lernerbooks@hotmail.com,,
Letra Viva,Av. Coronel Diaz 1837,"-34.589872,-58.410748",Palermo,Psicología,4825-9034,info@imagoagenda.com,www.imagoagenda.com,
Abeledo Perrot ,Talcahuano 494,"-34.60282,-58.385221",San Nicolás,"Ciencias económicas, jurídicas y empresariales",5235-0030,jose.pascual@abeledoperrot.com,www.abeledoperrot.com,
Kier,Av. Santa Fe 1260,"-34.59565,-58.385131",Retiro,Autoayuda y esoterismo,4811-0507,info@kier.com.ar,www.kier.com.ar,
La Ley,Lavalle 1300,"-34.602751,-58.385191",San Nicolás,"Ciencias económicas, jurídicas y empresariales",4383-8387 / 4381-1244,tribunales@thomsonreuters.com, www.leley.com.ar,
La Ley,Tucumán 1471,"-34.601681,-58.387655",San Nicolás,"Ciencias económicas, jurídicas y empresariales",4378-4733 /  4378-4732,laley.correo.casacentral@thomson.com ,www.laley.com.ar ,
La Ley,Viamonte 1534,"-34.600687,-58.388592",San Nicolás,"Ciencias económicas, jurídicas y empresariales",4371-2107 /  4371-2887, laley.correo.cienciaseconomicas@thomsonreuters.com,www.laley.com.ar,
Libería Lajouane S.R.L.,Pacheco de Melo 2036 - 2º A,"-34.590678,-58.39525",Recoleta,"Ciencias económicas, jurídicas y empresariales",4806-1569,lajouane@infovia.com.ar,,
Librerías Libertador,Av. Corrientes 1318,"-34.60395,-58.385376",San Nicolás,"De saldos, De viejo",4373-4357 / 4372-1691,libreriaslibertador@uolsinectis.com.ar / info@edicioneslibertador.com.ar,www.edicioneslibertador.com.ar   ,5vIfH-7Dnbk
Librería Legal ,Riobamba 460 3º A,"-34.603727,-58.393969",Balvanera,"Ciencias económicas, jurídicas y empresariales",4953-5246 ,consultas@librerialegal.com.ar,www.librerialegal.com,
Librería Matias,Gascón 73,"-34.611654,-58.424138",Almagro,General,4981-9092,,,
Libroshop,Av. Santa Fe 2530,"-34.594356,-58.402719",Recoleta,De saldos,4826-5537,libros@compro-libros.com,www.compro-libros.com,
Yenny,Bullrich 345,"-34.575088,-58.425271",Palermo,General,4535-2020,,www.tematika.com / www.yenny-elateneo.com.ar,
Libroshop,Av. Corrientes 1671,"-34.603284,-58.421004",Balvanera,De saldos,4371-2154,libros@compro-libros.com,www.compro-libros.com,
Lilith Libros,Av. Santa Fe 3753,"-34.584797,-58.416441",Palermo,General,4833-0105,lilithlibros@gmail.com,,
Longseller,Av. Corrientes 1752,"-34.604449,-58.391577",San Nicolás,General,5031-5400,ventas@longseller.com.ar,www.longseller.com,
Lord Byron,Libertad 948 Loc. 16A,"-34.597555,-58.384144",Retiro,Anticuaria,4811 0902,manuscritos@fibertel.com.ar,www.lordbyron.com.ar,
Librería Lorraine,Av. Corrientes 1513,"-34.604089,-58.388074",San Nicolás,General,4374-4942,librerialorraine@hotmail.com,,P4MHts7XnN8
Los Angelitos,Monroe 5134 Loc.12,"-34.574529,-58.486738",Villa Urquiza,General,,,,
Losada,Av. Corrientes 1551,"-34.604138,-58.388649",San Nicolás,Humanidades,4375 5001,administra@editoriallosada.com,www.editoriallosada.com,2rZXiOpgBNY
Macchi Grupo Editor,Av. Córdoba 2015,"-34.599689,-58.396022",Recoleta,Medicina,4961-8355,libreria@macchi.com,www.macchi.com,
Libros Macondo,Jerónimo Salguero 1833,"-34.588838,-58.415334",Palermo,Textos escolares,4827-3744,librosmacondo@librosmacondo.com.ar,,
Libros Macondo,Silvio L. Ruggieri 2711,"-34.582745,-58.408135",Palermo,Textos escolares,4806-1422,librosmacondo@librosmacondo.com.ar,,
Madre Maravillas de Jesús ,Echeverría 2252 Loc. 14 y 15,"-34.562129,-58.45438",Belgrano,Religión,4781-8543,madremaravillasdejesus@gmail.com,,
Librería de las Madres,Hipólito Yrigoyen 1584,"-34.610095,-58.388795",Monserrat,Humanidades,4382-3261,libreria@madres.org,www.madres.org,
Librería del Malba,Av. Figueroa Alcorta 3415,"-34.577447,-58.403639",Palermo,"Artes visuales, diseño y aquitectura",4808-6550,info@tiendamalba.org.ar,www.malba.org.ar,
Manos artesanas comunicaciones,Uruguay 1368,"-34.59206,-58.387799",San Nicolás,Anticuaria,4815-0248,info@manosart.com,www.manosart.com,fyn-lNOzmZk
Mariela Manzur ,Av. Del Libertador 7548  2ºG,"-34.544373,-58.460204",Nuñez,"Artes visuales, diseño y aquitectura",4704-7347,mmanzur@premiumboox.com,www. coffeetableboox.com,
Librería Marista,Av. Callao 226,"-34.606484,-58.392154",San Nicolás,Religión,4374-3114,libreriamarista@infovia.com.ar,www.libreriamarista.com.ar,
Librería del Mármol,Lavalle 2015,"-34.603238,-58.39563",Balvanera,Humanidades,4372-6065,libros@libreriadelmarmol.com.ar,www.libreriadelmarmol.com.ar,
Martín Fierro,Lope de Vega 1773,"-34.623656,-58.512464",Villa General Mitre,General,4566-5943/2972,libmartinfierro@hotmail.com ,,
Mediápolis,Ciudad Universitaria pabellón 3 PB,"-34.541609,-58.436598",Nuñez,"Artes visuales, diseño y aquitectura",4780-2767,localmediapolis@gmail.com,,
Melos ediciones musicales,Tte. Gral. Perón 1558,"-34.606607,-58.388668",Balvanera,Música,4371-9841/42/43,info@melos.com.ar,www.melos.com.ar,
Memorias del subsuelo,Florida 835 Loc. 28,"-34.598282,-58.375367",Retiro,Humanidades,4313-3481,memoriassub@hotmail.com,,
Mercurio,F.D Roosevelt 5033,"-34.573241,-58.486493",Villa Urquiza,General,,,,
Meridiana,Rodríguez Peña 1034,"-34.596767,-58.391884",Recoleta,Comics,,,,
Gallo Cantor,Av. Corrientes 1382 L23,"-34.604019,-58.386289",San Nicolás,General,3220-3399,gallouruguay@yahoo.com,www.elgallocantor.com,
Librería Otras Letras,Soler 4796,"-34.586087,-58.426032",Palermo,De género,4831-5129,info@libreriaotrasletras.com,www.libreriaotrasletras.com,UmpMIksFBVc
Librería Valente ,Federico Lacroze 3860,"-34.583942,-58.453128",Chacarita,General,,,,
El Libro de arena,Aráoz 594,"-34.59811,-58.435259",Almagro,Infantiles,3535-1182,libreria@calibroscopio.com.ar,www.calibroscopio.com.ar,
Libro Film,Av. Corrientes 1145 Loc. 13,"-34.603756,-58.382877",San Nicolás,"Artes visuales, diseño y aquitectura",4382-6258,librofilm@hotmail.com,,
Libro Film,Av. Santa Fe 2450 Loc. 1,"-34.594624,-58.401726",Recoleta,"Artes visuales, diseño y aquitectura",4824-2142,librofilm@hotmail.com,,
El Libro francés,Esmeralda 861,"-34.598148,-58.378318",Retiro,Lenguas extranjeras,4311 0363,librofrances@yahoo.com,www.librofrances.com,
Eudeba Rojas,Av. Corrientes 2038,"-34.60453,-58.395845",San Nicolás,"General, Comunicación, Ciencias económicas, jurídicas y empresariales, Técnicos",4952-1999,eudeba@rojas.com.ar,www.eudeba.com.ar,
Los Libros más pequeños del mundo,Lavalle 835 Loc. 30,"-34.60239,-58.378611",San Nicolás,Autoayuda y esoterismo,4328-0423,,www.minibooks.com.pe,
Libroshop,Av. Corrientes 1471,"-34.604051,-58.387496",San Nicolás,De saldos,4371-2332,libros@compro-libros.com,www.compro-libros.com,
La Revisteria Comics,Av. Corrientes 1388 Local 3,"-34.604025,-58.386375",San Nicolás,Comics,4374-6152,info@larevisteria.com.ar,www.larevisteriacomics.com/,
Distal libros ,Av. Rivadavia 6870,"-34.628744,-58.462234",Caballito,General,4612-7044,rivadavia6870@distalenet.com,www.Distalnet.com ,
Librerías Lucas,Av. Corrientes 1247,"-34.603843,-58.384373",San Nicolás,De saldos,4382-4628,libreriaslucas@gmaill.com.ar,,
Librerías Lucas,Uruguay 975,"-34.597359,-58.387004",San Nicolás,De saldos,4813-0687,libreriaslucas@gmaill.com.ar,,
Librería de las Luces,Av. de Mayo 979,"-34.608962,-58.380377",Monserrat,De saldos,4343-6216,ventas@libreriadelasluces.com.ar ,,
Librería Figueroa,Maipú 898,"-34.597622,-58.37692",San Nicolás,Anticuaria,4314-0888,figueroaluisefren@yahoo.com.ar,,
Lumen,Viamonte 1674,"-34.600754,-58.390936",San Nicolás,General,4373-1414,juan.posse@lumen.com.ar,www.lumen.com.ar,
Lunaria libros,Iberá 1629,"-34.549344,-58.456475",Belgrano,General,4704-5254,lunarialibros@yahoo.com.ar,,
M. V. Libros ,Estados Unidos y Maza (sólo ventas online) ,"-34.622422,-58.41491",San Cristobal,Medicina,,mvtextos@live.com.ar,www.mvtextos.com,
Las Mil y una hojas,Av. Córdoba 960,"-34.599047,-58.380615",Retiro,Lenguas extranjeras,4328-6721,libros@lasmilyunahojas.com.ar / librosfranceses@lasmilyunahojas,www.lasmilyunahojas.com.ar,
Mireya,Florida 835 Loc. 33 B,"-34.598282,-58.375367",Retiro,Anticuaria,4312-5535,kochmaximiliano@yahoo.com,,
Murguía libros,Av. Córdoba 2270,"-34.599676,-58.399579",Balvanera,"General, Educación, Humanidades, Psicología",4952-6173 / 1088,info@murguia.com.ar / hfmurguia@gmail.com,www.murguia.com.ar,
Mythos libros,Güemes 4374,"-34.58297,-58.421746",Palermo,General,4832-3705,mythoslibros@hotmail.com,,
Librerías Nadir,Av. Brasil 1128 Loc. 17 y 18,"-34.627813,-58.380594",Constitución,General,4304-9502,constitucion@libreriasnadir.com.ar,www.libreriasnadir.com.ar,
Librerías Nadir,Av. Cabildo 1786,"-34.564997,-58.454129",Belgrano,General,5786-4445,Belgrano@libreriasnadir.com.ar,www.libreriasnadir.com,
Librerías Nadir,Av. Juan B. Alberdi 5853,"-34.651776,-58.502699",Mataderos,General,4635-5613,mataderos@libreriasnadir.com.ar,www.libreriasnadir.com.ar,
Librerías Nadir,Av. Pueyrredón 140 Loc. 42,"-34.608439,-58.406095",Balvanera,General,4518-0535,once@libreriasnadir.com.ar,www.libreriasnadir.com.ar,
Zivals,Av. Callao 395,"-34.604536,-58.392265",San Nicolás,General,5128-7500,libros@zivals.com,www.tangostore.com,HE33oQNj1pU
Librerías Nadir,Av. Rivadavia 5260,"-34.619771,-58.439744",Caballito,Textos escolares,4903-8989 / 4903-1282,caballito@libreriasnadir.com.ar,www.libreriasnadir.com.ar,
Nueva librería,Estados Unidos 301 PB,"-34.618435,-58.370171",San Telmo,"General, Técnicos",4362-9226,nuevalibreria@infovia.com.ar,www.nuevalibreria.com.ar,nAfNm09qjLE
Nueva Roma,Av. Santa Fe 2653 Loc12,"-34.593677,-58.404393",Recoleta,General,,,,
Martinez,Junin 941,"-34.598002,-58.397391",Recoleta,Medicina,4961-9407,,,
La Calesita,Av. de Mayo 769,"-34.608745,-58.377366",San Cristobal,Anticuaria,4342-4110,lacalesita@yahoo.com.ar,www.libreriaelventanal.com.ar,JUF1lp9kDQ4
Martycer, Monroe 5365,"-34.573489,-58.484947",Villa Urquiza,General,4523-4392,martycer@hotmail.com,,
Martycer,Av. Monroe 4957,"-34.573489,-58.484947",Villa Urquiza,De saldos,4783-9273,martycer@hotmail.com  ,,
Mascaró Libros,Av. Santa Fe 2928,"-34.591457,-58.407367",Recoleta,Humanidades,4821-9442,librosmas@fibertel.com.ar,,
Las Mil y una hojas,Luis María Campos 1384,"-34.56386,-58.44234",Belgrano,Lenguas extranjeras,4511-4191,librosfranceses@lasmilyunahojas.com.ar,www.lasmilyunahojas.com.ar,
Librería de la Paz,Estados Unidos 689,"-34.618547,-58.375682",San Telmo,General,4307-4725,delapaz_santelmo@yahoo.com.ar,www.libreriadelapaz.com.ar,
Librería de Mujeres,Pasaje Rivarola 175,"-34.606654,-58.385422",San Nicolás,De género,4372-5930,libreriamujeres@sion.com,www.libreriademujeres.com.ar,
Librerías Nadir,Av. Sacalabrini Ortiz 274,"-34.600063,-58.439116",Villa del Parque,General,4856-7473,villacrespo@libreriasnadir.com.ar,www.libreriasnadir.com.ar,
Librerías Nadir,Cuenca 3131,"-34.601047,-58.495515",Villa Devoto,General,4504 - 3471 ,villadelparque@libreriasnadir.com.ar,www.libreriasnadir.com.ar,
Ediciones Nueva Técnica,Viamonte 2096,"-34.601014,-58.397054",Balvanera,"Ciencias económicas, jurídicas y empresariales",4374-6185 / 4374-4245,novedades_ent@ciudad.com.ar,www.ent.com.ar ,
Obel libros,Av. Corrientes 1230,"-34.603864,-58.38411",San Nicolás,General,4382-3190,obellibros@yahoo.com.ar,,
Librería Paidós del Fondo,Av. Santa Fe 1685,"-34.595814,-58.391653",Recoleta,Humanidades,4812-6685,santafe@libreriapaidos.com,www.libreriapaidos.com,
Paner,Avenida Las Heras 1938,"-34.590632,-58.393326",Recoleta,Humanidades,4803-8713,,,
Paradigma libros,Maure 1786,"-34.567413,-58.436572",Belgrano,Humanidades,4777-2746,info@paradigmalibros.com,www.paradigmalibros.com,
Paradigma libros,Soldado de la Independencia 826,"-34.567177,-58.435131",Belgrano,"Artes visuales, diseño y aquitectura, Infantiles",4774-5565,info@paradigmalibros.com,www.paradigmalibros.com,
 La Paragráfica,"Av. Córdoba 1785 Loc. 4, 5 y 6","-34.599613,-58.392731",Recoleta,"Artes visuales, diseño y aquitectura",4815-7670,par@paragrafica.com.ar,www.paragrafica.com.ar,
Patria grande,Av. Rivadavia 6369,"-34.626499,-58.456319",Flores,Religión,4631-6446,,www.editorapatriagrande.com,
Librería Paulinas,Pueyrredón 528,"-34.604244,-58.405409",Balvanera,Religión,4962-4848,libreriacapital@paulinas.org.ar,www.paulinas.org.ar ,
Librería Peluffo,Av. Corrientes 4276,"-34.602769,-58.425258",Almagro,Textos escolares,4862-2164,libros@libreriapeluffo.com.ar,www.libreriapeluffo.com.ar ,
Librería del  Plata,Guido 1927 PB A,"-34.589022,-58.39114",Recoleta,Anticuaria,4804-3288,libreriadelplata@gmail.com,www.libreriadelplata.com.ar,
Librería Platero,Talcahuano 485,"-34.602912,-58.385177",San Nicolás,Anticuaria,4382-2215,info@libreriaplatero.com.ar ,www.libreriaplatero.com.ar,
Poema 20,Esmeralda 869,"-34.598048,-58.378326",Retiro,Anticuaria,4312-0199,poema20@fibertel.com.ar,http://www.facebook.com/pages/Buenos-Aires-Argentina/Libreria-Anticuaria-Poema-20/131372390232405,
La Porteña libros,Juramento 1705,"-34.558126,-58.450142",Belgrano,General,4788-0433,laportealibros@yahoo.com.ar,,
Porto,Talcahuano 447,"-34.603359,-58.38515",San Nicolás,"Ciencias económicas, jurídicas y empresariales",,,,
Librería Prólogo,Florida 835 Loc. 7,"-34.598282,-58.375367",Retiro,Anticuaria,4313-8870,libreriaprologobsas@hotmail.com,,
Prometeo libros,Av. Corrientes 1916,"-34.604509,-58.394074",Balvanera,Humanidades,4952-8923 /  4953-1165,info@prometeolibros.com / reposiciones@prometeolibros.com,www.prometeolibros.com.ar,i4q72YUNIHs
Prometeo libros,Honduras 4912,"-34.589329,-58.429315",Palermo,Humanidades,4833-1771,palermo@prometeolibros.com,www.prometeolibros.com.ar,dugFfXtAU-o
Prometeo libros,"Marcelo T. Alvear 2230 (Fac. de Ciencias Sociales, UBA)","-34.596987,-58.399281",Recoleta,Humanidades,,,www.prometeolibros.com.ar,
Prometeo libros,Ramos Mejía 841,"-34.606051,-58.432291",Caballito,Humanidades,4958-5372,cpolitica@prometeolibros.com,www.prometeolibros.com.ar,
Psicodeia,Gral. Urquiza 778,"-34.619723,-58.40924",Balvanera,"General, Psicología",4957-5973,,centroeditorargentino@2vias.com.ar,
Puerta del Sol,Pedernera 88,"-34.630351,-58.463648",Flores,Textos escolares,4613-2695,puertadelsol@fibertel.com.ar,,
Norte libros,Av. Las Heras 2225,"-34.588289,-58.396165",Recoleta,Narrativa y poesía,4803-3944,librerianorte@sion.com,www.librosnorte.com.ar,
Librería pedagógica Noveduc,Av. Corrientes 4345,"-34.602621,-58.426306",Almagro,Educación,4867-2020,contacto@noveduc.com,www.noveduc.com,
La nube,Jorge Newbery 3537,"-34.583178,-58.44903",Colegiales,Infantiles,4552-4080,lanube@lanube.org.ar,www.lanube.org.ar,
OCS book shop,Superí 1372,"-34.574562,-58.45908",Belgrano,Lenguas extranjeras,4555-5439 / 4552-3179,ocsbookshop@toshingroup.com,www.toshingroup.com,
La Oferta,Av. Corrientes 1906,"-34.604508,-58.393931",Balvanera,"De saldos, De viejo",4953-3573,,,
La Oferta,Av. Rivadavia 1711,"-34.609167,-58.390737",San Nicolás,De saldos,,,,
Osmar D. Buyatti,Viamonte 1509,"-34.600639,-58.388232",San Nicolás,"Ciencias económicas, jurídicas y empresariales",4371-2512,ventas@osmarbuyatti.com,www.osmarbuyatti.com,
Otra lluvia,Bulnes 640,"-34.604115,-58.418147",Palermo,General,4866-4440,otralluvia@gmail.com,www.otralluvia.com.ar,
Otro mundo,Armenia 2432,"-34.58419,-58.419212",Palermo,General,4831-9348,libreriaotromundo@yahoo.com.ar,www.libreriaotromundo.com.ar,
Penélope libros,Scalabrini Ortiz 3673 Loc. 10,"-34.575216,-58.406622",Palermo,Psicología,4831-8538,penelopelibros@gmail.com,,
El Perseguidor,Av. Corrientes 1718,"-34.604414,-58.39108",San Nicolás,General,4374-4753,elperse@speedy.com.ar,,
Deva´s ,Av. Acoyte 70 ,"-34.617467,-58.4369",Caballito,Autoayuda y esoterismo,5901-4588,tncaballito@devas.com,http://www.devas.com,
Punto y Aparte,Av. Corrientes 1736,"-34.604432,-58.391343",San Nicolás,General,,,,
Purr libros,Av. Santa Fe 2729 Loc. 32,"-34.593124,-58.405382",Recoleta,"Artes visuales, diseño y aquitectura",4822-9433,hola@purrlibros.com,www.purrlibros.com,
Libros Aluvión,Viamonte 989,"-34.600189,-58.381022",San Nicolás,"General, Anticuaria, De saldos, De viejo",4328-3042,aluvion.libros@hotmail.com,,
Nueva Era Libros,Florida 165 Loc.16,"-34.606156,-58.375081",San Nicolás,General,4342-8009,dnuevaera@dnuevaera.com.ar,,
Librería Paidos,Av. Las Heras 3741 Loc. 31,"-34.581901,-58.411769",Palermo,Psicología,4801-2860,ventas@libreriapaidos.com,www.libreriapaidos.com,
Palumbo,Av. Corrientes 5457,"-34.5976,-58.441233",Villa del Parque,General,4854-8034,,,
Librería Pampeana,Libertad 948 Loc.11 y 15,"-34.597555,-58.384144",Retiro,"Anticuaria, De viejo",4816-6057,,,
Pan y Trabajo,Cuzco 150,"-34.637777,-58.527907",Liniers,Religión,,,,
Rayo Negro,Av. Santa Fe 1670 Loc. 7 ,"-34.595845,-58.391328",Recoleta,Comics,5811-4351,,,
Menéndez Libros,Paraguay 431,"-34.597353,-58.373373",Retiro,General,4311-6665,marta@menendezlibros.com.ar,www.menendezlibros.com.ar ,
Rayo Rojo,Av. Santa Fe 1670 Loc. 21 y 23,"-34.595845,-58.391328",Recoleta,"Artes visuales, diseño y aquitectura, Comics",4815-8351,rayo.rojo@pccp.com.ar,,
Librería Rodriguez,Av. Cabildo 1849 Loc. 4 y 6 ,"-34.564385,-58.454631",Belgrano,"General, Lenguas extranjeras, Textos escolares",4781-3671 /73,libreriarodriguez@arnetbiz.com.ar,,
José Librerías,Suipacha 336,"-34.604388,-58.379447",San Nicolás,General,4322-9915,,,
La vidriera del Libro,Av. Corrientes 753  local 20,"-34.603434,-58.377418",San Nicolás,General,4325-5472,,,
Deva´s, Av. Santa Fe 1998/2000,"-34.595754,-58.396034",Recoleta,Autoayuda y esoterismo,4814-2217 ,tnrecoleta@devas.com, http://www.devas.com,
Rubinzal-Culzoni editores,Talcahuano 442,"-34.603431,-58.385184",San Nicolás,"Ciencias económicas, jurídicas y empresariales",4373-0755,editorial@rubinzal.com.ar,www.rubinzal.com.ar,
Rudi B. Sazunic,Treinta y Tres Orientales 957 (Concertar cita previa),"-34.625733,-58.423032",Boedo,Música,4925-2798 / 15 5174 3652,rudi@sazunic.com,www.seventyeight.com ,
El Rufián melancólico,Bolívar 857,"-34.617907,-58.37306",San Telmo,De viejo,4300-1027,rufian61@hotmail.com,,o4t8jI7k9X8
San Benito,Villanueva 955,"-34.568393,-58.43903",Palermo,Religión,,,,
San Jorge,Eva Perón 5027,"-34.658412,-58.479692",Mataderos,General,4683-7657,,,
San Pablo,Av. Callao 325,"-34.605345,-58.392173",Recoleta,Religión,4375-0265,spcallao@san-pablo.com.ar,www.san-pablo.com.ar,
San Román,3 de Febrero 990,"-34.569444,-58.442871",Palermo,General,4771-2236,mildldsanroman2@hotmail.com,,
Librería Santa Fe,Av. Cabildo 605,"-34.57087,-58.442997",Belgrano,General,4899-1916/30,cabildo@lsf.com.ar,www.lsf.com.ar,
Librería Santa Fe,Av. Callao 335,"-34.60523,-58.392186",San Nicolás,General,5246-4335,callao@lsf.com.ar,www.lsf.com.ar,
Rigoletto Curioso,Av. Corrientes 1660 Loc. 10,"-34.604332,-58.390238",San Nicolás,De viejo,6320-5310,rigoletto-curioso@hotmail.com,www.rigoletto-curioso.com.ar,
Rincon 9,Junín 74,"-34.608615,-58.396378",Balvanera,Lenguas extranjeras,4951-0192,rincon9srl@speedy.com.ar,www.rincon9.com.ar,
Libros La Teatral,Federico Lacroze 1860,"-34.565046,-58.440027",Belgrano,Anticuaria,4775-1128,info@libroslateatral.com.ar,www.libroslateatral.com.ar,
Rincón del anticuario,Junín 1270,"-34.593479,-58.396964",Recoleta,General,4827-1666,inforincondelanticuario@rossilibros.com,,
Roberto Werner,Sucre 1180 6o A (Concertar cita previa) ,"-34.556502,-58.442524",Belgrano,General,154-440-5549,werner@broli.com,www.broli.com,
Librería Santa Fe,Av. Santa Fe 2376,"-34.59518,-58.399841",Recoleta,General,5854-2376,  santafe2376@lsf.com.ar,www.lsf.com.ar,
Librería Santa Fe,Av. Santa Fe 2582,"-34.594164,-58.40337",Recoleta,General,5219-2582,,www.lsf.com.ar,
Librería Santa Fe,"Av. Santa Fe 3253, Alto Palermo Shopping Local 2011","-34.588474,-58.410921",Palermo,General,5777-8078/8120 5219-3253,altopalermo@lsf.com.ar,www.lsf.com.ar,
Santa María,Av. Rivadavia 8517,"-34.6342,-58.483435",Versalles,Religión,,,,
SBS librería internacional,Av. Córdoba 1840,"-34.59967,-58.393514",San Nicolás,Lenguas extranjeras,4811-8338,barrionorte@sbs.com.ar,www.sbs.com.ar,
SBS librería internacional,Av. Coronel Diaz 1747,"-34.591057,-58.411766",Palermo,Lenguas extranjeras,4821-0206,palermo@sbs.com.ar,www.sbs.com.ar,
SBS librería internacional,Avelino Diaz 533,"-34.63537,-58.427935",Parque Chacabuco,Lenguas extranjeras,4926-0194,parquechacabuco@sbs.com.ar,www.sbs.com.ar,
SBS librería internacional,Juramento 2588,"-34.563063,-58.458442",Belgrano,Lenguas extranjeras,4788-4860,belgrano@sbs.com.ar,www.sbs.com.ar,
Los Siete locos,Esmeralda 482,"-34.602584,-58.378104",San Nicolás,De saldos,,,,
Los 7 pilares,Florida 835 Loc. 9,"-34.598282,-58.375367",Retiro,Anticuaria,4516-0150,info@7pilares.com.ar,www.7pilares.com.ar,
Sigal ,Corrientes 2854,"-34.604539,-58.406101",Balvanera,Religión,4865-7208 / 4861-9501,info@liberiasigal.com,www.libreriasigal.com,
Todo CBC,Viamonte 2011,"-34.600901,-58.395824",Recoleta,Educación,4371-6087,info@todocbc.com.ar,www.todocbc.com.ar,
Tiempos Modernos,Cuba 1921,"-34.562578,-58.453285",Belgrano,"Artes visuales, diseño y aquitectura",4788-5386 / 4787-1862,ventas@tiempos.com.ar ,www.tiempos.com.ar,
Librería de la Universidad del Salvador,Tte. Gral. Perón 1818 1º (sólo para alumnos) ,"-34.606805,-58.39235",Balvanera,"Ciencias económicas, jurídicas y empresariales",4374-4836,universidaddelsalvador@salvador.edu.ar ,www.salvador.edu.ar,
Editorial Universidad,Talcahuano 487,"-34.602889,-58.385178",San Nicolás,"Ciencias económicas, jurídicas y empresariales",4382-4220,info@ed-universidad.com.ar ,www.ed-universidad.com.ar,
Librería Universitaria de Buenos Aires,Tucumán 1792,"-34.602001,-58.392489",San Nicolás,Humanidades,4116-5223,ludeba@ciudad.com.ar,www.xigalibros.com.ar,
Universo Romance Librería ,Librería online,"-34.608912,-58.427673",Almagro,Narrativa y poesía,,contacto@universoromancelibreria.com,www.universoromancelibreria.com ,
Librería Ursino ,Marcelo T.de Alvear 2125,"-34.597123,-58.398132",Recoleta,Medicina,4822-6194,info@ursino.com.ar,www.ursino.com.ar,af5taS756Iw
Librería El Ventanal,Florida 835 - local 18 Subsuelo. Galería Bs. As.,"-34.598282,-58.375367",Retiro,Anticuaria,4345-8800,libreriaelventanal@hotmail.com,www.libreriaelventanal.com.ar,
Víctor Aizenman,Av. Las Heras 2153 PB A ,"-34.588924,-58.395401",Palermo,Anticuaria,4803-3666,aizenman.victor@gmail.com,,
Librería del Virrey,Virrey Loreto 2407,"-34.567464,-58.450018",Belgrano,General,4783-9699,info@libreriadelvirrey.com.ar,,
Librería del Suburbio,San Juan y Boedo (solicitar entrevista por tel. o mail) ,"-34.625474,-58.416066",Boedo,De viejo,4921-4760 / 1549798779,libreriadelsuburbio@gmail.com,www.libreriadelsuburbio.com.ar,
Sudeste libros,Av. Corrientes 1117,"-34.603734,-58.38246",San Nicolás,De viejo,4382-9285,sudeste@hotmail.com,,
Yenny,josé maría ramos mejía 1000 - Terminal Retiro linea Mitre ,"-34.592626,-58.375443",Retiro,General,5787-0878,,www.tematika.com / www.yenny-elateneo.com.ar,
Yenny,Jerónimo Salguero 3172 Loc. 3013/14/15 Paseo Alcorta,"-34.575603,-58.40403",Palermo,General,4806-5457,,www.tematika.com / www.yenny-elateneo.com.ar,
Yenny,Nazarre 3135 Loc. 221 Del Parque Shopping,"-34.601901,-58.494107",Villa Devoto,General,4505-0502,,www.tematika.com / www.yenny-elateneo.com.ar,
Yenny,Aeroparque Jorge Newbery Loc. 19,"-34.55797,-58.41375",Palermo,General,4776-6903,yenny@aeroparque.com,www.tematika.com / www.yenny-elateneo.com.ar,
Yenny,Av. Rivadavia 6527,"-34.627227,-58.458122",Flores,General,4632-5941,,www.tematika.com / www.yenny-elateneo.com.ar,
Yenny,Av. Santa Fe 3251 Loc. 2025 Alto Palermo Shopping,"-34.588495,-58.410888",Palermo,General,5777-8326,altopalermo@yenny.com,www.tematika.com / www.yenny-elateneo.com.ar,
Deva´s , Av. San Juan 777,"-34.622031,-58.376852",San Telmo,Autoayuda y esoterismo,4361-3045 / 4361-2709 / 4361-2637,info@devas.com, http://devas.com,
MS libros ,Florida 835 Loc. 33A,"-34.598282,-58.375367",Retiro,Anticuaria,4313-0508,mslibros@yahoo.com.ar ,,
En el camino libros ,Corrientes 1131,"-34.603745,-58.382669",San Nicolás,De saldos,4383-5030,enelcaminolibros@yahoo.com.ar ,http://www.facebook.com/home.php?#!/profile.php?id=100000315844640&v=info,
EDICON - Consejo Profesional de Ciencias Económicas,Viamonte 1549 PB,"-34.600666,-58.388835",San Nicolás,"Ciencias económicas, jurídicas y empresariales",5382-9240,investigacion@consejo.org.ar,www.edicon.org.ar,
Aplicación Tributaria S.A.,Viamonte 1550,"-34.600698,-58.388833",San Nicolás,"Ciencias económicas, jurídicas y empresariales",4374-6692/5418/8855,ventas@aplicacion.com.ar,www.aplicacion.com.ar,
Espacio Moebius,Bulnes 658,"-34.603921,-58.418105",Agronomía,"Artes visuales, diseño y aquitectura",1559933718,info@moebiuseditora.com,www.moebiuseditora.com,
LIBROFUTBOL.com, Olga Cossettini 1112,"-34.611215,-58.363443",Puerto Madero,,45068805,info@librofutbol.com,www.librofutbol.com,
 El Tunel de Buenos Aires, Av. de Mayo 767,"-34.608744,-58.377337",Agronomía,Anticuaria,43312106,el_lenut@hotmail.com,,
La Tecnológica,Medrano 938,"-34.598792,-58.420337",Almagro,Técnicos,4867-1794,latecnologica@hotmail.com,www.latecnologicalibros.com.ar,
Tekné,Gral. Urquiza 772,"-34.619648,-58.409248",Balvanera,Humanidades,,,,
Terra Nova Maps,Florida 835 Loc. 14,"-34.598282,-58.375367",Retiro,Anticuaria,4005-0159,terranovamaps@yahoo.com.ar,,
The Antique Book Shop,Libertad 1236,"-34.593856,-58.384452",Retiro,Anticuaria,4815-0658,antique@antano.com.ar ,,
Librería Todotécnicas,Marcelo T. de Alvear 1326,"-34.597008,-58.385999",Recoleta,Psicología,4814-1882,todotecnicas@sinectis.com.ar,,
Tribuna Epsilon,Av. Corrientes 753 Loc. 20,"-34.603434,-58.377418",San Nicolás,General,4325-5472,malang100@hotmail.com,,
El Túnel libros,Av. Cabildo 2554,"-34.557965,-58.460285",Belgrano,De saldos,4789-0114,altunel@ciudad.com.ar,www.eltunellibros.com.ar,
Libros de turismo,Paraguay 2457,"-34.59762,-58.402829",Recoleta,Turismo,4963-2866,libros@ladevi.com,www.librosdeturismo.com.ar,
Librería de la Universidad del Salvador,Rodríguez Peña 764,"-34.600005,-58.391552",San Nicolás,"General, Educación",4815-4826,,www.salvador.edu.ar,
El Vitral,Montevideo 108,"-34.607721,-58.389324",San Nicolás,Anticuaria,4372-2451,elvitrallibros@yahoo.com.ar,,
Vive leyendo - Antigua Fray Mocho ,Sarmiento 1832,"-34.60569,-58.39264",Balvanera,Teatro,4372-6646,libreriaviveleyendo@yahoo.com.ar,,
Voces del sur,Av. Rivadavia 1401,"-34.608765,-58.386292",San Nicolás,Lenguas extranjeras,5218-6743,oxman@vocesdelsur.com,www.vocesdelsur.com,
Vuelvo al sur,La Rioja 2127,"-34.636248,-58.405719",Parque Patricios,General,4943-2024,librosvuelvoalsur@yahoo.com.ar ,www.vuelvoalsur.com.ar,
Walrus,Estados Unidos 617,"-34.618507,-58.374625",San Telmo,"De viejo, Lenguas extranjeras",4300-7135,walrusbooksbuenosaires@yahoo.com,,YDumhOkzEGM
Wussman,Rodriguez Peña 1399,"-34.59326,-58.391586",Recoleta,"Artes visuales, diseño y aquitectura",4811 - 2444,info@wussman.com,www.wussmann.com,
Y su doble,Rodríguez Peña 698,"-34.600784,-58.391471",San Nicolás,General,4371-7176,ysudoble@yahoo.com.ar,www.y-su-doble.blogspot.com,
Yenny,Arce 940 Loc. Loc. 207. El Solar de la Abadía,"-34.567294,-58.437108",Belgrano,General,4778-5137,solar@yenny.com,www.tematika.com / www.yenny-elateneo.com.ar,
Yenny,Av. Cabildo 1978,"-34.563203,-58.455722",Belgrano,General,4787-6360 / 4787-5829,cabildo@yenny.com,www.tematika.com / www.yenny-elateneo.com.ar,
Yenny,Av. Corrientes 3247 Loc. 2012 Abasto de Bs. As. ,"-34.604036,-58.410992",Almagro,General,4866-4617,abasto@yenny.com,www.tematika.com / www.yenny-elateneo.com.ar,
Yenny,Av. del Libertador 740 Loc. 2032/33/34,"-34.588031,-58.383244",Retiro,General,4815-1610,,www.tematika.com / www.yenny-elateneo.com.ar,
Librerías Turísticas,Paraguay 2457,"-34.59762,-58.402829",Recoleta,Técnicos,4963-2866/4962-5547,libros1@ladevi.com,www.librosdeturismo.com,
Librería Jurídica YNY ,Lavalle 1567 Piso 7 oficina 714,"-34.602943,-58.388967",San Nicolás,"Ciencias económicas, jurídicas y empresariales",4373-5102 /3533-8997,info@yny.com.ar,www.yny.com.ar,
Librería Córdoba,Parana 1013,"-34.596936,-58.38827",San Nicolás,"Humanidades, Religión",5921-8000-Int. 8701,apuntes@libreriacordoba.com,www.libreriacordoba.com,hZ_Va_0lCLw
La libre ,Bolivar 646,"-34.615407,-58.373146",San Telmo,General,4343-5328,lalibrearteylibros@gmail.com, http://lalibrearteylibros.wordpress.com,lzP76hbt6h4
Librerías Hernández,Av. Corrientes 1436,"-34.604064,-58.38702",San Nicolás,General,4372-7845,sucursal@libreriahernandez.com.ar,www.libreriahernandez.com,20RCV1RNzio
Los Siete Pilares,Florida 835 Local 9,"-34.598282,-58.375367",Retiro,Anticuaria,4516-0450,info@pilares.com.ar,www.7pilares.com.ar,
Delfos,Av. Elcano 3258,"-34.573826,-58.459684",Colegiales,General,4555-4547,elcano3258@librosdelfos.com.ar,www.librosdelfos.com.ar,
Epifania Libros,Lavalle 1910,"-34.603218,-58.394136",Balvanera,De viejo,4953-1088,info@epifanialibros.com.ar,www.epifanialibros.com.ar,
Caterva Libros,Esmeralda 887,"-34.597825,-58.378344",Agronomía,Narrativa y poesía,4315-0988,catervalibros@gmail.com,catervalibros.blogspot.com,
Encuentro Sudeste,Av. Corrientes 1773,"-34.604433,-58.391902",San Nicolás,General,4371-6944,encuentrosudeste@gmail.com,www.encuentrosudeste.com.ar,
Andres Bello-Tienda de Libros,Gorriti 5204,"-34.588128,-58.433169",Agronomía,General,4831-2239, libreria@andresbelloar.com,www.andresbelloar.com,
agape-libros,san martin 3469,"-34.601161,-58.471911",Agronomía,Religión,45039959, agape-libros@agape-libros.com.ar,www.agape-libros.com.ar,
Librería Mireya,Florida 835 - Local 33ºB,"-34.608417,-58.373161",Agronomía,Anticuaria,4312-5535,kochmaximiliano@yahoo.com,,
NELIDA DELL AQUILA ,ALVAREZ THOMAS 3335 PISO 10,"-34.583136,-58.444582",Agronomía,Narrativa y poesía,4523-7899,nelidadellaquila@yahoo.com.ar,nelidadellaquila@yahoo.com.ar,
